Question,Answer
1. What is correlation in statistics and how is it measured?,"Correlation in statistics is a measure that expresses the extent to which two variables are linearly related. It is used to identify relationships between variables, make predictions, and develop causal models. Correlation coefficients range from -1 to 1, with 0 indicating no linear relationship, 1 indicating a perfect positive linear relationship, and -1 indicating a perfect negative linear relationship."
"2. What is the range of correlation coefficients and what do values of -1, 0, and 1 indicate?","The range of correlation coefficients is from -1 to 1. A correlation coefficient of 0 indicates no linear relationship between the two variables. A correlation coefficient of 1 indicates a perfect positive linear relationship, meaning as one variable increases, the other variable also increases in a linear fashion. On the other hand, a correlation coefficient of -1 indicates a perfect negative linear relationship, meaning as one variable increases, the other variable decreases in a linear fashion."
3. How is correlation used to identify relationships between variables?,"Correlation is used to identify relationships between variables by measuring the extent to which two variables are linearly related. The correlation coefficient ranges from -1 to 1, where 0 indicates no linear relationship, 1 indicates a perfect positive linear relationship, and -1 indicates a perfect negative linear relationship. By analyzing the correlation coefficient, researchers can determine if there is a positive or negative relationship between the variables, helping them understand the connections between different factors in a system."
4. How can correlation be used to make predictions in various fields?,"Correlation can be used to make predictions in various fields by identifying strong relationships between two variables. If there is a strong correlation between two variables, it is possible to use the value of one variable to predict the value of the other variable. This predictive power can be utilized in fields such as business, finance, medicine, and psychology to forecast outcomes and make informed decisions based on the identified relationships."
5. How is correlation used to develop causal models?,"Correlation is used as a starting point for developing causal models. By identifying relationships between variables through correlation analysis, researchers can then investigate further to establish causation. Causal models describe how changes in one variable cause changes in other variables, allowing for more accurate predictions and the development of interventions to change specific variable values."
6. In what fields is correlation commonly used and what are some examples of its applications?,"Correlation is commonly used in various fields such as Business, Finance, Medicine, and Psychology. In Business, it can be used to identify relationships between sales, advertising spending, and customer satisfaction. In Finance, it helps in understanding relationships between different financial assets like stocks, bonds, and commodities to build diversified portfolios. In Medicine, correlation is used to identify relationships between risk factors for diseases and treatment effectiveness. In Psychology, it can be used to understand relationships between personality traits, cognitive abilities, and mental disorders for better psychological assessments and treatments."
"7. Give examples of how correlation is used in business, finance, medicine, and psychology.","In business, correlation is used to identify relationships between variables like sales, advertising spending, and customer satisfaction. This helps in making better business decisions, such as allocating marketing resources effectively.

In finance, correlation is used to identify relationships between different financial assets like stocks, bonds, and commodities. This information is crucial for building diversified portfolios that reduce risk.

In medicine, correlation is used to identify relationships between medical variables such as risk factors for diseases and treatment effectiveness. This helps in improving disease prevention, diagnosis, and treatment.

In psychology, correlation is used to identify relationships between psychological variables like personality traits, cognitive abilities, and mental disorders. This information is used to develop better psychological assessments and treatments."
"8. How is correlation used in the real world by a marketing manager, financial analyst, medical researcher, and psychologist?",A marketing manager might use correlation to identify the relationship between advertising spending and sales to allocate advertising budgets effectively. A financial analyst could use correlation to understand the relationship between the returns of different stocks to build a diversified portfolio. A medical researcher might use correlation to study the relationship between smoking and lung cancer to develop public health campaigns. A psychologist could use correlation to identify the relationship between anxiety and depression to develop more effective treatments.
9. Why is it important to note that correlation does not equal causation?,"It is important to note that correlation does not equal causation because just because two variables are correlated, it does not necessarily mean that one variable causes the other. There could be a third variable or external factor influencing both variables, leading to a correlation without a direct causal relationship. This distinction is crucial to avoid making incorrect assumptions or decisions based solely on correlation."
"10. Overall, what is the importance of correlation as a statistical tool and how can it be used to improve outcomes in various fields?","The importance of correlation as a statistical tool lies in its ability to identify relationships between variables, make predictions, and develop causal models. By using correlation, various fields such as business, finance, medicine, and psychology can make better decisions and improve outcomes. For example, in business, correlation can help in understanding the relationships between sales, advertising spending, and customer satisfaction to allocate resources effectively. In finance, it can assist in building diversified portfolios to reduce risk. In medicine, correlation can identify risk factors for diseases and improve treatments. In psychology, it can help in developing better psychological assessments and treatments. Overall, correlation is a powerful tool that can enhance decision-making and lead to positive outcomes in a wide range of disciplines."
